{
    "Train-OfferBook+Arrive": 1.0,
    "Police-Inform+Addr": 1.0,
    "Train-OfferBook+Id": 1.0,
    "Police-Inform+Name": 1.0,
    "Train-NoOffer+Day": 1.0,
    "Taxi-Inform+Phone": 0.9852216748768473,
    "Restaurant-Inform+Phone": 0.967741935483871,
    "Train-OfferBooked+Ticket": 0.9675675675675676,
    "Taxi-Inform+Car": 0.9660194174757282,
    "Restaurant-Inform+Time": 0.9498432601880877,
    "Booking-Book+Ref": 0.9482758620689655,
    "Attraction-Inform+Phone": 0.9402985074626866,
    "Attraction-Inform+Post": 0.9337016574585635,
    "Hotel-Inform+Phone": 0.9333333333333333,
    "Train-OfferBooked+Ref": 0.9300699300699301,
    "Train-Inform+Depart": 0.9264264264264265,
    "Restaurant-Inform+Post": 0.9148936170212766,
    "Train-Inform+Arrive": 0.9108635097493036,
    "Restaurant-Inform+Food": 0.9086092715231788,
    "Train-Inform+Day": 0.9019607843137255,
    "Hotel-Inform+Addr": 0.9016393442622951,
    "Train-Inform+Dest": 0.9001297016861219,
    "Train-Inform+Ticket": 0.8986486486486487,
    "Booking-Book+Time": 0.8985507246376812,
    "Train-Inform+Id": 0.8974358974358975,
    "Attraction-Inform+Addr": 0.8948948948948949,
    "Booking-Book+Day": 0.8936170212765957,
    "Train-OfferBooked+Id": 0.8805970149253731,
    "Restaurant-Inform+Day": 0.8775510204081632,
    "Train-Inform+Leave": 0.869942196531792,
    "Taxi-Inform+Leave": 0.8677685950413223,
    "Hotel-Inform+Post": 0.8674698795180723,
    "Hotel-Inform+Day": 0.8659420289855072,
    "Train-Inform+Choice": 0.861003861003861,
    "Train-OfferBooked+Leave": 0.8484848484848485,
    "Restaurant-NoOffer+Food": 0.8461538461538461,
    "Restaurant-Inform+Choice": 0.8448753462603878,
    "Restaurant-Inform+Addr": 0.8385093167701864,
    "Train-Inform+Time": 0.828125,
    "Booking-Book+People": 0.8275862068965517,
    "Taxi-Inform+Arrive": 0.8169014084507042,
    "Hotel-NoOffer+Type": 0.813953488372093,
    "Hotel-Inform+Choice": 0.8128205128205128,
    "Train-OfferBooked+Depart": 0.8125,
    "Hotel-Inform+Stay": 0.8058252427184466,
    "Restaurant-Inform+People": 0.804635761589404,
    "Restaurant-Inform+Price": 0.8040885860306644,
    "Restaurant-Inform+Area": 0.8016528925619835,
    "Restaurant-Select+Area": 0.8,
    "Booking-Book+Stay": 0.7954545454545454,
    "Booking-NoBook+Day": 0.7894736842105263,
    "Restaurant-Recommend+Addr": 0.7857142857142857,
    "Hotel-Inform+Stars": 0.782051282051282,
    "Train-OfferBooked+Arrive": 0.7777777777777778,
    "Hotel-Inform+Price": 0.7698412698412699,
    "Attraction-NoOffer+Type": 0.7659574468085106,
    "Train-Inform+People": 0.7588652482269503,
    "Attraction-Inform+Name": 0.7563352826510721,
    "Train-OfferBooked+People": 0.7540983606557377,
    "Train-NoOffer+Depart": 0.75,
    "Booking-NoBook+Time": 0.75,
    "Hotel-Inform+People": 0.7471264367816092,
    "Attraction-Inform+Choice": 0.7411347517730497,
    "Attraction-Recommend+Addr": 0.7391304347826086,
    "Hotel-Inform+Area": 0.7270642201834863,
    "Taxi-Inform+Dest": 0.7247706422018348,
    "Restaurant-Inform+Name": 0.715927750410509,
    "Attraction-Inform+Area": 0.7133333333333334,
    "Attraction-Inform+Type": 0.7021943573667712,
    "Hotel-Inform+Type": 0.7004991680532446,
    "Hotel-NoOffer+Price": 0.6923076923076923,
    "Hotel-Select+Price": 0.6842105263157895,
    "Restaurant-NoOffer+Price": 0.6842105263157895,
    "Hotel-Select+Area": 0.6818181818181818,
    "Hotel-Inform+Name": 0.677536231884058,
    "Taxi-Inform+Depart": 0.6666666666666666,
    "Booking-Inform+Time": 0.6666666666666666,
    "Train-OfferBooked+Dest": 0.6666666666666666,
    "Restaurant-Recommend+Price": 0.6666666666666666,
    "Train-OfferBooked+Day": 0.6666666666666666,
    "Restaurant-Select+Price": 0.6551724137931034,
    "Hotel-Recommend+Price": 0.6538461538461539,
    "Booking-NoBook+Stay": 0.6428571428571429,
    "Hotel-Select+Stars": 0.6363636363636364,
    "Attraction-Inform+Fee": 0.6265060240963856,
    "Attraction-NoOffer+Area": 0.6046511627906976,
    "Restaurant-Select+Food": 0.6,
    "Hotel-Recommend+Stars": 0.5925925925925926,
    "Hotel-Recommend+Name": 0.5811965811965812,
    "Attraction-Recommend+Name": 0.575,
    "Restaurant-Recommend+Post": 0.5714285714285714,
    "Restaurant-Recommend+Food": 0.5714285714285714,
    "Restaurant-Recommend+Area": 0.5625,
    "Hotel-NoOffer+Stars": 0.5625,
    "Attraction-Recommend+Fee": 0.55,
    "Hotel-NoOffer+Area": 0.55,
    "Restaurant-Recommend+Name": 0.5474452554744526,
    "Hotel-Recommend+Area": 0.5357142857142857,
    "Restaurant-NoOffer+Area": 0.5348837209302325,
    "Attraction-Recommend+Area": 0.5294117647058824,
    "Booking-Book+Name": 0.5271317829457365,
    "Booking-Inform+Day": 0.5,
    "Attraction-Recommend+Post": 0.5,
    "Hotel-Recommend+Phone": 0.5,
    "Restaurant-Select+Name": 0.5,
    "Attraction-Select+Area": 0.5,
    "Train-OfferBook+People": 0.5,
    "Restaurant-Recommend+Phone": 0.5,
    "Attraction-Recommend+Phone": 0.47058823529411764,
    "Hotel-Recommend+Type": 0.45454545454545453,
    "Attraction-Select+Type": 0.4406779661016949,
    "Booking-Inform+Name": 0.42857142857142855,
    "Hotel-Recommend+Addr": 0.42857142857142855,
    "Attraction-Recommend+Type": 0.42105263157894735,
    "Train-OfferBook+Leave": 0.4,
    "Booking-Inform+People": 0.4,
    "Police-Inform+Phone": 0.3333333333333333,
    "Hotel-Select+Type": 0.2962962962962963,
    "Booking-NoBook+Name": 0.09090909090909091,
    "Restaurant-NoOffer+Name": 0.0,
    "Train-NoOffer+Leave": 0.0,
    "Attraction-NoOffer+Name": 0.0,
    "Restaurant-Inform+Ref": 0.0,
    "Train-Inform+Ref": 0.0,
    "Booking-NoBook+People": 0.0,
    "Booking-Inform+Stay": 0.0,
    "Train-OfferBook+Choice": 0.0,
    "Hotel-Recommend+Choice": 0.0,
    "Train-Select+Leave": 0.0,
    "Train-OfferBook+Day": 0.0,
    "Train-OfferBook+Dest": 0.0,
    "Hotel-Select+Name": 0.0,
    "Train-NoOffer+Arrive": 0.0,
    "Hotel-Select+Choice": 0.0,
    "Train-OfferBooked+Time": 0.0,
    "Hotel-NoOffer+Name": 0.0,
    "Attraction-Select+Name": 0.0,
    "Booking-Inform+Ref": 0.0,
    "Train-OfferBook+Depart": 0.0,
    "Attraction-Recommend+Choice": 0.0,
    "Attraction-Select+Fee": 0.0,
    "Hotel-Inform+Ref": 0.0,
    "Hotel-Recommend+Post": 0.0,
    "Attraction-Inform+Price": 0.0,
    "Train-Select+Arrive": 0.0,
    "Restaurant-Select+Choice": 0.0,
    "Booking-NoBook+Ref": 0.0,
    "Attraction-Select+Price": 0.0,
    "Train-Select+Day": 0.0,
    "Train-OfferBook+Ref": 0.0,
    "Attraction-Select+Choice": 0.0,
    "Train-NoOffer+Dest": 0.0,
    "Hospital-Inform+Post": 0.0,
    "Train-Select+Id": 0.0
}{
    "Booking-NoBook+Name": 1.0,
    "Booking-Book+Day": 1.0,
    "Train-NoOffer+Depart": 1.0,
    "Police-Inform+Addr": 1.0,
    "Police-Inform+Phone": 1.0,
    "Train-NoOffer+Day": 1.0,
    "Taxi-Inform+Phone": 0.9950248756218906,
    "Train-OfferBooked+Ticket": 0.988950276243094,
    "Booking-Book+Ref": 0.9880239520958084,
    "Hotel-Inform+Post": 0.9863013698630136,
    "Taxi-Inform+Car": 0.9851485148514851,
    "Train-OfferBooked+People": 0.9787234042553191,
    "Train-Inform+Id": 0.9776536312849162,
    "Booking-Book+Time": 0.96875,
    "Train-OfferBooked+Ref": 0.9672727272727273,
    "Train-Inform+Dest": 0.9652294853963839,
    "Train-Inform+Day": 0.9614147909967846,
    "Attraction-NoOffer+Type": 0.9473684210526315,
    "Booking-Book+People": 0.9473684210526315,
    "Hotel-NoOffer+Price": 0.9473684210526315,
    "Hotel-Inform+Phone": 0.9438202247191011,
    "Restaurant-Inform+Phone": 0.9375,
    "Booking-NoBook+Day": 0.9375,
    "Hotel-Inform+Day": 0.9372549019607843,
    "Train-Inform+Depart": 0.936267071320182,
    "Train-OfferBooked+Depart": 0.9285714285714286,
    "Restaurant-Inform+Post": 0.9247311827956989,
    "Attraction-Inform+Post": 0.9234972677595629,
    "Train-OfferBooked+Id": 0.921875,
    "Hotel-NoOffer+Type": 0.9210526315789473,
    "Restaurant-Inform+Food": 0.9195710455764075,
    "Train-Inform+Arrive": 0.9185393258426966,
    "Restaurant-Inform+Addr": 0.9183673469387755,