{
    "general-thank": 0.9809885931558935,
    "Booking-Request": 0.9565217391304348,
    "Train-Request": 0.9479166666666666,
    "Taxi-Request": 0.9310344827586207,
    "Booking-Inform": 0.9302325581395349,
    "Train-Inform": 0.9102564102564102,
    "Attraction-Request": 0.8954983922829582,
    "general-reqmore": 0.8921161825726142,
    "Restaurant-Request": 0.8797127468581688,
    "Taxi-Inform": 0.8773584905660378,
    "general-bye": 0.8684907325684025,
    "Hotel-Request": 0.8614232209737828,
    "Booking-NoBook": 0.8392857142857143,
    "Hotel-Inform": 0.832258064516129,
    "Train-OfferBook": 0.8155844155844156,
    "Restaurant-Inform": 0.7843137254901961,
    "general-welcome": 0.6986817325800376,
    "Hotel-Select": 0.6333333333333333,
    "Hotel-NoOffer": 0.6333333333333333,
    "Attraction-Inform": 0.5555555555555556,
    "Restaurant-Select": 0.5362318840579711,
    "Hotel-Recommend": 0.5333333333333333,
    "general-greet": 0.4230769230769231,
    "Attraction-Select": 0.4090909090909091,
    "Restaurant-NoOffer": 0.38271604938271603,
    "Train-Select": 0.3684210526315789
}{
    "general-thank": 0.9781990521327014,
    "general-bye": 0.9781312127236581,
    "Taxi-Request": 0.96,
    "Booking-Request": 0.9565217391304348,
    "Train-Request": 0.9416745061147695,
    "Restaurant-NoOffer": 0.9393939393939394,
    "Booking-Inform": 0.9248554913294798,
    "Attraction-Request": 0.9146141215106732,
    "Booking-NoBook": 0.912621359223301,
    "Taxi-Inform": 0.9117647058823529,
    "Train-OfferBook": 0.9101449275362319,
    "general-reqmore": 0.9020979020979021,
    "Restaurant-Request": 0.8941605839416058,
    "Hotel-Inform": 0.8672268907563025,
    "Hotel-NoOffer": 0.8636363636363636,
    "Hotel-Request": 0.8394160583941606,
    "Hotel-Select": 0.7916666666666666,
    "Restaurant-Select": 0.7708333333333334,
    "general-welcome": 0.7405189620758483,
    "Train-Inform": 0.7395833333333334,
    "Restaurant-Inform": 0.7272727272727273,
    "Attraction-Inform": 0.6756756756756757,
    "Attraction-Select": 0.6428571428571429,
    "Hotel-Recommend": 0.64,
    "Train-Select": 0.5185185185185185,
    "general-greet": 0.04564315352697095
}{
    "general-thank": 0.9795918367346939,
    "Booking-Request": 0.9565217391304348,
    "Taxi-Request": 0.9452954048140044,
    "Train-Request": 0.9447852760736196,
    "Booking-Inform": 0.927536231884058,
    "general-bye": 0.9200561009817673,
    "Attraction-Request": 0.9049553208773355,
    "general-reqmore": 0.8970792767732962,
    "Taxi-Inform": 0.8942307692307693,
    "Restaurant-Request": 0.8868778280542986,
    "Booking-NoBook": 0.8744186046511627,
    "Train-OfferBook": 0.8602739726027397,
    "Hotel-Request": 0.8502772643253235,
    "Hotel-Inform": 0.8493827160493828,
    "Train-Inform": 0.8160919540229885,
    "Restaurant-Inform": 0.7547169811320754,
    "Hotel-NoOffer": 0.7307692307692307,
    "general-welcome": 0.7189922480620154,
    "Hotel-Select": 0.7037037037037038,
    "Restaurant-Select": 0.6324786324786326,
    "Attraction-Inform": 0.6097560975609757,
    "Hotel-Recommend": 0.5818181818181818,
    "Restaurant-NoOffer": 0.5438596491228069,
    "Attraction-Select": 0.5000000000000001,
    "Train-Select": 0.4307692307692308,
    "general-greet": 0.08239700374531835
}