{
    "general-thank": 0.9809885931558935,
    "Booking-Request": 0.9686520376175548,
    "Train-Request": 0.9579349904397706,
    "Taxi-Request": 0.9304347826086956,
    "Taxi-Inform": 0.9175257731958762,
    "Booking-Inform": 0.9163498098859315,
    "Attraction-Request": 0.90311986863711,
    "Train-Inform": 0.8902439024390244,
    "general-reqmore": 0.8886597938144329,
    "Hotel-Request": 0.8837209302325582,
    "Restaurant-Request": 0.8790613718411552,
    "general-bye": 0.8745487364620939,
    "Booking-NoBook": 0.8703703703703703,
    "Train-OfferBook": 0.8453038674033149,
    "Hotel-Inform": 0.8278560250391236,
    "Hotel-NoOffer": 0.76,
    "Restaurant-Inform": 0.7431192660550459,
    "general-welcome": 0.7156673114119922,
    "Hotel-Recommend": 0.6363636363636364,
    "Attraction-Inform": 0.6086956521739131,
    "Hotel-Select": 0.5522388059701493,
    "Restaurant-Select": 0.5454545454545454,
    "Attraction-Select": 0.4444444444444444,
    "Restaurant-NoOffer": 0.4246575342465753,
    "general-greet": 0.3333333333333333,
    "Train-Select": 0.3050847457627119
}{
    "general-thank": 0.9781990521327014,
    "general-bye": 0.963220675944334,
    "Booking-Request": 0.9596273291925466,
    "Train-Request": 0.943502824858757,
    "Restaurant-NoOffer": 0.9393939393939394,
    "Taxi-Request": 0.9385964912280702,
    "Booking-Inform": 0.928709055876686,
    "Booking-NoBook": 0.912621359223301,
    "general-reqmore": 0.9041958041958041,
    "Attraction-Request": 0.9016393442622951,
    "Restaurant-Request": 0.8985239852398524,
    "Hotel-Inform": 0.8905723905723906,
    "Train-OfferBook": 0.8869565217391304,
    "Taxi-Inform": 0.8725490196078431,
    "Hotel-NoOffer": 0.8636363636363636,
    "Hotel-Request": 0.8186714542190305,
    "Hotel-Select": 0.7708333333333334,
    "Train-Inform": 0.7604166666666666,
    "Attraction-Inform": 0.7567567567567568,
    "Restaurant-Select": 0.75,
    "general-welcome": 0.7385229540918163,
    "Restaurant-Inform": 0.7363636363636363,
    "Attraction-Select": 0.7142857142857143,
    "Train-Select": 0.6666666666666666,
    "Hotel-Recommend": 0.5185185185185185,
    "general-greet": 0.0954356846473029
}{
    "general-thank": 0.9795918367346939,
    "Booking-Request": 0.9641185647425897,
    "Train-Request": 0.9506641366223909,
    "Taxi-Request": 0.9344978165938864,
    "Booking-Inform": 0.9224880382775119,
    "general-bye": 0.9167455061494797,
    "Attraction-Request": 0.9023789991796555,
    "general-reqmore": 0.8963604852686308,
    "Taxi-Inform": 0.8944723618090452,
    "Booking-NoBook": 0.8909952606635072,
    "Restaurant-Request": 0.8886861313868613,
    "Train-OfferBook": 0.8656294200848657,
    "Hotel-Inform": 0.8580697485806974,
    "Hotel-Request": 0.8499534016775396,
    "Train-Inform": 0.8202247191011235,
    "Hotel-NoOffer": 0.8085106382978724,
    "Restaurant-Inform": 0.7397260273972603,
    "general-welcome": 0.7269155206286837,
    "Attraction-Inform": 0.674698795180723,
    "Hotel-Select": 0.6434782608695653,
    "Restaurant-Select": 0.631578947368421,
    "Restaurant-NoOffer": 0.5849056603773585,
    "Hotel-Recommend": 0.5714285714285714,
    "Attraction-Select": 0.5479452054794521,
    "Train-Select": 0.4186046511627908,
    "general-greet": 0.14838709677419354
}