{
    "Train-OfferBook+Arrive": 1.0,
    "Train-Inform+Ref": 1.0,
    "Police-Inform+Addr": 1.0,
    "Police-Inform+Name": 1.0,
    "Train-NoOffer+Day": 1.0,
    "Hotel-Recommend+Post": 1.0,
    "Taxi-Inform+Phone": 0.970873786407767,
    "Taxi-Inform+Car": 0.966183574879227,
    "Booking-Book+Ref": 0.9538461538461539,
    "Train-OfferBooked+Ticket": 0.9521276595744681,
    "Restaurant-Inform+Phone": 0.9468085106382979,
    "Restaurant-Inform+Time": 0.9467084639498433,
    "Attraction-Inform+Phone": 0.9414634146341463,
    "Train-Inform+Depart": 0.9389312977099237,
    "Attraction-Inform+Post": 0.9385474860335196,
    "Train-OfferBooked+Ref": 0.9335664335664335,
    "Train-Inform+Ticket": 0.9178082191780822,
    "Restaurant-Inform+Food": 0.9133964817320703,
    "Booking-Book+Day": 0.9130434782608695,
    "Hotel-Inform+Phone": 0.9130434782608695,
    "Attraction-Inform+Addr": 0.9109792284866469,
    "Train-Inform+Arrive": 0.9085872576177285,
    "Restaurant-Inform+Post": 0.90625,
    "Train-Inform+Dest": 0.9057591623036649,
    "Train-Inform+Day": 0.9028831562974203,
    "Hotel-Inform+Addr": 0.8951612903225806,
    "Train-Inform+Id": 0.8943298969072165,
    "Train-OfferBooked+Id": 0.8939393939393939,
    "Taxi-Inform+Leave": 0.8842975206611571,
    "Booking-Book+Time": 0.8840579710144928,
    "Train-Inform+Leave": 0.8795888399412628,
    "Train-Inform+Choice": 0.879245283018868,
    "Hotel-Inform+Post": 0.8658536585365854,
    "Restaurant-Inform+Day": 0.8590163934426229,
    "Restaurant-Inform+Addr": 0.8589743589743589,
    "Booking-Book+People": 0.8588235294117647,
    "Hotel-Select+Stars": 0.8571428571428571,
    "Hotel-Inform+Day": 0.8551236749116607,
    "Hotel-NoOffer+Type": 0.8536585365853658,
    "Restaurant-NoOffer+Food": 0.8472222222222222,
    "Restaurant-Inform+Choice": 0.8428184281842819,
    "Train-Inform+Time": 0.84,
    "Booking-Book+Stay": 0.8333333333333334,
    "Hotel-NoOffer+Price": 0.8260869565217391,
    "Restaurant-Inform+Price": 0.8120689655172414,
    "Attraction-Recommend+Addr": 0.8095238095238095,
    "Taxi-Inform+Arrive": 0.8082191780821918,
    "Restaurant-Inform+Area": 0.8079470198675497,
    "Restaurant-Inform+People": 0.801980198019802,
    "Hotel-Inform+Stay": 0.8006430868167203,
    "Hotel-Select+Price": 0.8,
    "Train-OfferBooked+Leave": 0.7941176470588235,
    "Train-OfferBooked+People": 0.7931034482758621,
    "Hotel-Inform+Choice": 0.7882653061224489,
    "Hotel-Inform+Price": 0.782,
    "Train-OfferBooked+Arrive": 0.7777777777777778,
    "Booking-NoBook+Day": 0.7777777777777778,
    "Restaurant-NoOffer+Price": 0.7777777777777778,
    "Restaurant-Recommend+Price": 0.7777777777777778,
    "Train-Inform+People": 0.776173285198556,
    "Hotel-Inform+Stars": 0.7657430730478589,
    "Taxi-Inform+Dest": 0.7647058823529411,
    "Train-OfferBooked+Depart": 0.7647058823529411,
    "Taxi-Inform+Depart": 0.7589285714285714,
    "Attraction-NoOffer+Type": 0.7555555555555555,
    "Hotel-Inform+People": 0.752851711026616,
    "Booking-NoBook+Stay": 0.75,
    "Train-NoOffer+Depart": 0.75,
    "Train-OfferBooked+Dest": 0.75,
    "Attraction-Inform+Choice": 0.7436823104693141,
    "Attraction-Inform+Area": 0.7365684575389948,
    "Restaurant-Inform+Name": 0.7319078947368421,
    "Attraction-Inform+Name": 0.7304832713754646,
    "Train-OfferBook+Id": 0.7142857142857143,
    "Hotel-Inform+Area": 0.7090909090909091,
    "Attraction-Inform+Type": 0.7083993660855784,
    "Hotel-Inform+Type": 0.7039473684210527,
    "Hotel-Select+Area": 0.6818181818181818,
    "Hotel-Inform+Name": 0.6678700361010831,
    "Restaurant-Select+Area": 0.6666666666666666,
    "Hotel-Recommend+Addr": 0.6666666666666666,
    "Police-Inform+Phone": 0.6666666666666666,
    "Restaurant-Recommend+Addr": 0.6666666666666666,
    "Restaurant-Select+Food": 0.6666666666666666,
    "Train-OfferBook+People": 0.6666666666666666,
    "Attraction-Inform+Fee": 0.6569037656903766,
    "Restaurant-Recommend+Name": 0.6495726495726496,
    "Restaurant-Select+Price": 0.6451612903225806,
    "Booking-NoBook+Time": 0.6363636363636364,
    "Attraction-Recommend+Fee": 0.625,
    "Restaurant-Select+Name": 0.625,
    "Train-OfferBooked+Day": 0.625,
    "Attraction-Recommend+Name": 0.6041666666666666,
    "Attraction-NoOffer+Area": 0.5909090909090909,
    "Hotel-NoOffer+Area": 0.5882352941176471,
    "Hotel-Recommend+Price": 0.5769230769230769,
    "Restaurant-NoOffer+Area": 0.575,
    "Restaurant-Recommend+Post": 0.5714285714285714,
    "Hotel-Recommend+Stars": 0.5652173913043478,
    "Hotel-NoOffer+Stars": 0.5625,
    "Hotel-Recommend+Area": 0.56,
    "Hotel-Recommend+Name": 0.55,
    "Restaurant-Recommend+Area": 0.5333333333333333,
    "Booking-Book+Name": 0.5271317829457365,
    "Booking-Inform+Time": 0.5,
    "Hotel-Recommend+Phone": 0.5,
    "Hotel-Recommend+Type": 0.5,
    "Attraction-Select+Area": 0.5,
    "Restaurant-Recommend+Phone": 0.5,
    "Attraction-Select+Type": 0.4897959183673469,
    "Attraction-Recommend+Phone": 0.47058823529411764,
    "Attraction-Recommend+Type": 0.46153846153846156,
    "Attraction-Recommend+Post": 0.4583333333333333,
    "Restaurant-Recommend+Food": 0.45,
    "Booking-Inform+Name": 0.45,
    "Booking-Inform+People": 0.4444444444444444,
    "Booking-Inform+Day": 0.4444444444444444,
    "Train-OfferBook+Leave": 0.4,
    "Attraction-Recommend+Area": 0.36363636363636365,
    "Booking-Inform+Stay": 0.3333333333333333,
    "Hotel-Select+Type": 0.32,
    "Train-Select+Leave": 0.25,
    "Restaurant-NoOffer+Name": 0.0,
    "Booking-NoBook+Name": 0.0,
    "Train-NoOffer+Leave": 0.0,
    "Attraction-NoOffer+Name": 0.0,
    "Restaurant-Inform+Ref": 0.0,
    "Booking-NoBook+People": 0.0,
    "Train-OfferBook+Choice": 0.0,
    "Hotel-Recommend+Choice": 0.0,
    "Train-OfferBook+Day": 0.0,
    "Train-OfferBook+Dest": 0.0,
    "Hotel-Select+Name": 0.0,
    "Train-NoOffer+Arrive": 0.0,
    "Hotel-Select+Choice": 0.0,
    "Train-OfferBooked+Time": 0.0,
    "Hotel-NoOffer+Name": 0.0,
    "Attraction-Select+Name": 0.0,
    "Booking-Inform+Ref": 0.0,
    "Train-OfferBook+Depart": 0.0,
    "Attraction-Recommend+Choice": 0.0,
    "Attraction-Select+Fee": 0.0,
    "Hotel-Inform+Ref": 0.0,
    "Attraction-Inform+Price": 0.0,
    "Train-Select+Arrive": 0.0,
    "Restaurant-Select+Choice": 0.0,
    "Booking-NoBook+Ref": 0.0,
    "Attraction-Select+Price": 0.0,
    "Train-Select+Day": 0.0,
    "Train-OfferBook+Ref": 0.0,
    "Attraction-Select+Choice": 0.0,
    "Train-NoOffer+Dest": 0.0,
    "Train-Select+Id": 0.0
}{
    "Booking-Book+Day": 1.0,
    "Train-NoOffer+Depart": 1.0,
    "Hotel-NoOffer+Price": 1.0,
    "Police-Inform+Addr": 1.0,
    "Police-Inform+Phone": 1.0,
    "Taxi-Inform+Phone": 0.9950248756218906,
    "Taxi-Inform+Car": 0.9900990099009901,
    "Booking-Book+Ref": 0.9900199600798403,
    "Train-OfferBooked+Ticket": 0.988950276243094,
    "Train-OfferBooked+People": 0.9787234042553191,
    "Hotel-Inform+Post": 0.9726027397260274,
    "Train-OfferBooked+Ref": 0.9709090909090909,
    "Train-Inform+Id": 0.9692737430167597,
    "Train-Inform+Dest": 0.9678321678321679,
    "Booking-Book+People": 0.9605263157894737,
    "Train-Inform+Day": 0.9565916398713826,
    "Booking-Book+Time": 0.953125,
    "Hotel-Inform+Day": 0.9490196078431372,
    "Hotel-Inform+Phone": 0.9438202247191011,
    "Attraction-Inform+Phone": 0.9368932038834952,
    "Restaurant-Inform+Post": 0.9354838709677419,
    "Train-Inform+Depart": 0.9332321699544764,
    "Restaurant-Inform+Day": 0.9323843416370107,
    "Train-OfferBooked+Depart": 0.9285714285714286,
    "Restaurant-Inform+Phone": 0.9270833333333334,
    "Train-OfferBooked+Id": 0.921875,
    "Train-Inform+Arrive": 0.9213483146067416,
    "Hotel-NoOffer+Type": 0.9210526315789473,
    "Attraction-Inform+Post": 0.9180327868852459,
    "Hotel-Inform+Addr": 0.9173553719008265,
    "Restaurant-Inform+Addr": 0.9115646258503401,
    "Restaurant-Inform+Food": 0.9097035040431267,
    "Restaurant-Inform+Choice": 0.9040697674418605,