{
    "Train-OfferBook+Arrive": 1.0,
    "Police-Inform+Addr": 1.0,
    "Train-OfferBook+Id": 1.0,
    "Police-Inform+Name": 1.0,
    "Train-NoOffer+Day": 1.0,
    "Taxi-Inform+Car": 0.975609756097561,
    "Taxi-Inform+Phone": 0.970873786407767,
    "Train-OfferBooked+Ticket": 0.9675675675675676,
    "Booking-Book+Ref": 0.9539347408829175,
    "Restaurant-Inform+Phone": 0.9473684210526315,
    "Attraction-Inform+Phone": 0.9463414634146341,
    "Attraction-Inform+Post": 0.9398907103825137,
    "Train-Inform+Depart": 0.9390243902439024,
    "Restaurant-Inform+Time": 0.9353846153846154,
    "Train-OfferBooked+Ref": 0.926829268292683,
    "Hotel-Inform+Phone": 0.9230769230769231,
    "Restaurant-Inform+Food": 0.9192886456908345,
    "Booking-Book+Day": 0.9130434782608695,
    "Hotel-Inform+Addr": 0.9067796610169492,
    "Train-Inform+Dest": 0.9064558629776021,
    "Train-Inform+Arrive": 0.9042407660738714,
    "Restaurant-Inform+Post": 0.8979591836734694,
    "Train-Inform+Id": 0.8974358974358975,
    "Train-OfferBooked+Id": 0.8939393939393939,
    "Train-Inform+Day": 0.8935532233883059,
    "Taxi-Inform+Leave": 0.8907563025210085,
    "Attraction-Inform+Addr": 0.8882175226586103,
    "Train-Inform+Ticket": 0.8843537414965986,
    "Hotel-Inform+Post": 0.8831168831168831,
    "Train-Inform+Leave": 0.873015873015873,
    "Restaurant-Inform+Addr": 0.8709677419354839,
    "Train-OfferBooked+Leave": 0.8709677419354839,
    "Train-Inform+Choice": 0.8694029850746269,
    "Restaurant-Inform+Day": 0.867109634551495,
    "Booking-Book+Time": 0.8591549295774648,
    "Hotel-Inform+Day": 0.8475177304964538,
    "Booking-Book+People": 0.8470588235294118,
    "Hotel-Inform+Choice": 0.8346883468834688,
    "Restaurant-Inform+Choice": 0.8272980501392758,
    "Train-Inform+Time": 0.8267716535433071,
    "Taxi-Inform+Arrive": 0.8142857142857143,
    "Booking-Book+Stay": 0.8095238095238095,
    "Restaurant-Inform+Price": 0.8093587521663779,
    "Restaurant-Inform+People": 0.805921052631579,
    "Hotel-Inform+Stay": 0.8058252427184466,
    "Restaurant-Inform+Area": 0.8056478405315615,
    "Restaurant-NoOffer+Food": 0.8055555555555556,
    "Booking-NoBook+Stay": 0.8,
    "Restaurant-Select+Area": 0.8,
    "Hotel-NoOffer+Price": 0.7916666666666666,
    "Restaurant-NoOffer+Price": 0.7894736842105263,
    "Train-OfferBooked+Arrive": 0.7777777777777778,
    "Train-OfferBooked+People": 0.7758620689655172,
    "Train-Inform+People": 0.7717391304347826,
    "Hotel-Inform+Price": 0.768,
    "Hotel-Inform+Stars": 0.7669172932330827,
    "Attraction-Inform+Choice": 0.7666666666666667,
    "Train-OfferBooked+Depart": 0.7647058823529411,
    "Attraction-NoOffer+Type": 0.7608695652173914,
    "Hotel-Inform+People": 0.7576923076923077,
    "Train-NoOffer+Depart": 0.75,
    "Restaurant-Recommend+Price": 0.75,
    "Taxi-Inform+Dest": 0.7474747474747475,
    "Taxi-Inform+Depart": 0.7410714285714286,
    "Attraction-Inform+Area": 0.7357512953367875,
    "Hotel-NoOffer+Type": 0.7291666666666666,
    "Hotel-Select+Area": 0.7272727272727273,
    "Restaurant-Inform+Name": 0.725752508361204,
    "Attraction-Inform+Name": 0.7222222222222222,
    "Hotel-Inform+Area": 0.7142857142857143,
    "Hotel-Inform+Type": 0.7026578073089701,
    "Booking-NoBook+Day": 0.7,
    "Restaurant-Select+Name": 0.7,
    "Attraction-Inform+Type": 0.6993670886075949,
    "Hotel-Inform+Name": 0.6958174904942965,
    "Restaurant-Recommend+Addr": 0.6842105263157895,
    "Booking-Inform+Time": 0.6666666666666666,
    "Booking-Inform+People": 0.6666666666666666,
    "Hotel-Select+Price": 0.6666666666666666,
    "Train-OfferBooked+Dest": 0.6666666666666666,
    "Train-OfferBook+People": 0.6666666666666666,
    "Attraction-Recommend+Addr": 0.6521739130434783,
    "Booking-NoBook+Time": 0.6363636363636364,
    "Attraction-Inform+Fee": 0.6274509803921569,
    "Hotel-Recommend+Price": 0.625,
    "Train-OfferBooked+Day": 0.625,
    "Restaurant-Recommend+Name": 0.6134453781512605,
    "Attraction-NoOffer+Area": 0.6046511627906976,
    "Attraction-Recommend+Name": 0.6029411764705882,
    "Restaurant-Recommend+Post": 0.6,
    "Hotel-Recommend+Stars": 0.5909090909090909,
    "Train-OfferBook+Leave": 0.5714285714285714,
    "Hotel-NoOffer+Area": 0.5714285714285714,
    "Hotel-Select+Stars": 0.5714285714285714,
    "Hotel-NoOffer+Stars": 0.5625,
    "Restaurant-Select+Price": 0.5588235294117647,
    "Restaurant-NoOffer+Area": 0.55,
    "Restaurant-Select+Food": 0.5454545454545454,
    "Hotel-Recommend+Name": 0.5365853658536586,
    "Restaurant-Recommend+Area": 0.5294117647058824,
    "Restaurant-Recommend+Food": 0.5263157894736842,
    "Attraction-Recommend+Post": 0.5263157894736842,
    "Booking-Book+Name": 0.5147058823529411,
    "Attraction-Recommend+Fee": 0.5,
    "Booking-Inform+Stay": 0.5,
    "Hotel-Recommend+Phone": 0.5,
    "Attraction-Recommend+Phone": 0.5,
    "Police-Inform+Phone": 0.5,
    "Attraction-Select+Area": 0.5,
    "Restaurant-Recommend+Phone": 0.5,
    "Hotel-Recommend+Area": 0.4827586206896552,
    "Booking-Inform+Day": 0.4666666666666667,
    "Attraction-Select+Type": 0.4528301886792453,
    "Hotel-Recommend+Addr": 0.4444444444444444,
    "Attraction-Recommend+Area": 0.375,
    "Hotel-Recommend+Type": 0.375,
    "Attraction-Recommend+Type": 0.35294117647058826,
    "Hotel-Select+Type": 0.3333333333333333,
    "Hotel-Recommend+Post": 0.3333333333333333,
    "Booking-Inform+Name": 0.3125,
    "Train-Select+Leave": 0.25,
    "Booking-NoBook+Name": 0.125,
    "Restaurant-NoOffer+Name": 0.0,
    "Train-NoOffer+Leave": 0.0,
    "Attraction-NoOffer+Name": 0.0,
    "Restaurant-Inform+Ref": 0.0,
    "Train-Inform+Ref": 0.0,
    "Booking-NoBook+People": 0.0,
    "Train-OfferBook+Choice": 0.0,
    "Hotel-Recommend+Choice": 0.0,
    "Train-OfferBook+Day": 0.0,
    "Train-OfferBook+Dest": 0.0,
    "Attraction-Select+Fee": 0.0,
    "Hotel-Select+Name": 0.0,
    "Train-NoOffer+Arrive": 0.0,
    "Hotel-Select+Choice": 0.0,
    "Train-OfferBooked+Time": 0.0,
    "Hotel-NoOffer+Name": 0.0,
    "Attraction-Select+Name": 0.0,
    "Booking-Inform+Ref": 0.0,
    "Train-OfferBook+Depart": 0.0,
    "Hospital-Inform+Phone": 0.0,
    "Attraction-Recommend+Choice": 0.0,
    "Hotel-Inform+Ref": 0.0,
    "Attraction-Inform+Price": 0.0,
    "Train-Select+Arrive": 0.0,
    "Restaurant-Select+Choice": 0.0,
    "Booking-NoBook+Ref": 0.0,
    "Attraction-Select+Price": 0.0,
    "Train-Select+Day": 0.0,
    "Train-OfferBook+Ref": 0.0,
    "Attraction-Select+Choice": 0.0,
    "Train-NoOffer+Dest": 0.0,
    "Train-Select+Id": 0.0
}{
    "Booking-NoBook+Name": 1.0,
    "Booking-Book+Day": 1.0,
    "Train-NoOffer+Depart": 1.0,
    "Hotel-NoOffer+Price": 1.0,
    "Police-Inform+Addr": 1.0,
    "Police-Inform+Phone": 1.0,
    "Taxi-Inform+Phone": 0.9950248756218906,
    "Booking-Book+Ref": 0.9920159680638723,
    "Taxi-Inform+Car": 0.9900990099009901,
    "Train-OfferBooked+Ticket": 0.988950276243094,
    "Train-Inform+Id": 0.9776536312849162,
    "Train-OfferBooked+Ref": 0.9672727272727273,
    "Train-Inform+Dest": 0.9622377622377623,
    "Train-Inform+Day": 0.9581993569131833,
    "Train-OfferBooked+People": 0.9574468085106383,
    "Booking-Book+Time": 0.953125,
    "Booking-Book+People": 0.9473684210526315,
    "Restaurant-Inform+Post": 0.946236559139785,
    "Hotel-Inform+Phone": 0.9438202247191011,
    "Attraction-Inform+Phone": 0.941747572815534,
    "Attraction-Inform+Post": 0.9398907103825137,
    "Restaurant-Inform+Phone": 0.9375,
    "Hotel-Inform+Day": 0.9372549019607843,
    "Train-Inform+Depart": 0.9347496206373292,
    "Hotel-Inform+Post": 0.9315068493150684,
    "Restaurant-Inform+Day": 0.9288256227758007,
    "Train-OfferBooked+Depart": 0.9285714285714286,
    "Train-Inform+Arrive": 0.9283707865168539,
    "Train-OfferBooked+Id": 0.921875,
    "Attraction-NoOffer+Type": 0.9210526315789473,
    "Hotel-NoOffer+Type": 0.9210526315789473,
    "Restaurant-Inform+Addr": 0.9183673469387755,
    "Restaurant-Inform+Food": 0.9056603773584906,