{
    "general-thank": 0.9764373232799246,
    "Booking-Request": 0.9655172413793104,
    "Train-Request": 0.9567723342939481,
    "Taxi-Request": 0.935064935064935,
    "Booking-Inform": 0.9315068493150684,
    "Attraction-Request": 0.9068627450980392,
    "general-reqmore": 0.8860068259385665,
    "Restaurant-Request": 0.8807829181494662,
    "general-bye": 0.8805429864253393,
    "Train-Inform": 0.8780487804878049,
    "Hotel-Request": 0.8636363636363636,
    "Taxi-Inform": 0.8611111111111112,
    "Train-OfferBook": 0.8519553072625698,
    "Hotel-Inform": 0.8335974643423137,
    "Booking-NoBook": 0.8245614035087719,
    "Restaurant-Inform": 0.7596153846153846,
    "Hotel-NoOffer": 0.7083333333333334,
    "general-welcome": 0.6979362101313321,
    "Hotel-Select": 0.6101694915254238,
    "Attraction-Inform": 0.5952380952380952,
    "Hotel-Recommend": 0.5789473684210527,
    "Restaurant-Select": 0.5428571428571428,
    "Attraction-Select": 0.41304347826086957,
    "Restaurant-NoOffer": 0.3815789473684211,
    "general-greet": 0.3333333333333333,
    "Train-Select": 0.3148148148148148
}{
    "general-thank": 0.9819905213270143,
    "general-bye": 0.967196819085487,
    "Booking-Request": 0.9565217391304348,
    "Taxi-Request": 0.9557522123893806,
    "Train-Request": 0.941398865784499,
    "Booking-Inform": 0.9171483622350675,
    "Booking-NoBook": 0.912621359223301,
    "Taxi-Inform": 0.9117647058823529,
    "Restaurant-Request": 0.9116022099447514,
    "Attraction-Request": 0.9083469721767594,
    "general-reqmore": 0.9076923076923077,
    "Train-OfferBook": 0.8840579710144928,
    "Hotel-Inform": 0.8825503355704698,
    "Restaurant-NoOffer": 0.8787878787878788,
    "Hotel-Request": 0.8245931283905967,
    "Restaurant-Select": 0.7916666666666666,
    "Hotel-NoOffer": 0.7727272727272727,
    "Train-Inform": 0.75,
    "Hotel-Select": 0.75,
    "general-welcome": 0.7425149700598802,
    "Restaurant-Inform": 0.7181818181818181,
    "Attraction-Select": 0.6785714285714286,
    "Attraction-Inform": 0.6756756756756757,
    "Train-Select": 0.6296296296296297,
    "Hotel-Recommend": 0.3793103448275862,
    "general-greet": 0.07053941908713693
}{
    "general-thank": 0.9792060491493384,
    "Booking-Request": 0.9609984399375976,
    "Train-Request": 0.949023344449738,
    "Taxi-Request": 0.9452954048140044,
    "Booking-Inform": 0.9242718446601941,
    "general-bye": 0.9218379914732355,
    "Attraction-Request": 0.9076042518397384,
    "general-reqmore": 0.8967184801381692,
    "Restaurant-Request": 0.8959276018099547,
    "Taxi-Inform": 0.8857142857142858,
    "Train-OfferBook": 0.8677098150782362,
    "Booking-NoBook": 0.8663594470046084,
    "Hotel-Inform": 0.8573757131214345,
    "Hotel-Request": 0.843663274745606,
    "Train-Inform": 0.8089887640449439,
    "Hotel-NoOffer": 0.7391304347826088,
    "Restaurant-Inform": 0.7383177570093458,
    "general-welcome": 0.7195357833655706,
    "Hotel-Select": 0.6728971962616822,
    "Restaurant-Select": 0.6440677966101694,
    "Attraction-Inform": 0.6329113924050633,
    "Restaurant-NoOffer": 0.5321100917431193,
    "Attraction-Select": 0.5135135135135135,
    "Hotel-Recommend": 0.45833333333333337,
    "Train-Select": 0.4197530864197531,
    "general-greet": 0.11643835616438356
}