{
    "general-thank": 0.9801136363636364,
    "Booking-Request": 0.9537037037037037,
    "Booking-Inform": 0.9430255402750491,
    "Taxi-Request": 0.9264069264069265,
    "Train-Request": 0.9226305609284333,
    "Booking-NoBook": 0.8867924528301887,
    "Attraction-Request": 0.8865814696485623,
    "general-reqmore": 0.8812080536912752,
    "Restaurant-Request": 0.875,
    "Train-Inform": 0.868421052631579,
    "general-bye": 0.8676731793960923,
    "Train-OfferBook": 0.8674033149171271,
    "Hotel-Request": 0.8630393996247655,
    "Taxi-Inform": 0.8378378378378378,
    "Restaurant-Inform": 0.8041237113402062,
    "Hotel-Inform": 0.7934959349593496,
    "general-welcome": 0.7120622568093385,
    "Hotel-NoOffer": 0.6923076923076923,
    "Attraction-Inform": 0.65625,
    "Hotel-Select": 0.5932203389830508,
    "Restaurant-Select": 0.582089552238806,
    "Restaurant-NoOffer": 0.46875,
    "Hotel-Recommend": 0.45454545454545453,
    "Attraction-Select": 0.45454545454545453,
    "Train-Select": 0.3409090909090909,
    "general-greet": 0.2898550724637681
}{
    "general-thank": 0.9754948162111216,
    "general-bye": 0.9711729622266402,
    "Booking-Request": 0.9596273291925466,
    "Taxi-Request": 0.9511111111111111,
    "Taxi-Inform": 0.93,
    "Booking-Inform": 0.9248554913294798,
    "Train-Request": 0.9226305609284333,
    "general-reqmore": 0.9181818181818182,
    "Booking-NoBook": 0.912621359223301,
    "Train-OfferBook": 0.9101449275362319,
    "Attraction-Request": 0.9098360655737705,
    "Restaurant-NoOffer": 0.9090909090909091,
    "Hotel-Inform": 0.9087523277467412,
    "Restaurant-Request": 0.9085923217550275,
    "Hotel-Request": 0.8455882352941176,
    "Hotel-NoOffer": 0.8181818181818182,
    "Restaurant-Select": 0.8125,
    "Train-Inform": 0.7764705882352941,
    "Restaurant-Inform": 0.7572815533980582,
    "Attraction-Inform": 0.75,
    "general-welcome": 0.7305389221556886,
    "Hotel-Select": 0.7291666666666666,
    "Attraction-Select": 0.7142857142857143,
    "Train-Select": 0.5555555555555556,
    "Hotel-Recommend": 0.3448275862068966,
    "general-greet": 0.08298755186721991
}{
    "general-thank": 0.9777987718469532,
    "Booking-Request": 0.9566563467492261,
    "Taxi-Request": 0.9385964912280702,
    "Booking-Inform": 0.933852140077821,
    "Train-Request": 0.9226305609284333,
    "general-bye": 0.9165103189493433,
    "Booking-NoBook": 0.8995215311004785,
    "general-reqmore": 0.8993150684931508,
    "Attraction-Request": 0.8980582524271845,
    "Restaurant-Request": 0.8914798206278026,
    "Train-OfferBook": 0.8882602545968882,
    "Taxi-Inform": 0.8815165876777251,
    "Hotel-Request": 0.8542246982358404,
    "Hotel-Inform": 0.8472222222222223,
    "Train-Inform": 0.8198757763975155,
    "Restaurant-Inform": 0.78,
    "Hotel-NoOffer": 0.7500000000000001,
    "general-welcome": 0.7211822660098524,
    "Attraction-Inform": 0.7,
    "Restaurant-Select": 0.6782608695652174,
    "Hotel-Select": 0.6542056074766355,
    "Restaurant-NoOffer": 0.6185567010309279,
    "Attraction-Select": 0.5555555555555556,
    "Train-Select": 0.4225352112676057,
    "Hotel-Recommend": 0.39215686274509803,
    "general-greet": 0.12903225806451613
}