{
    "Train-OfferBook+Arrive": 1.0,
    "Hotel-Recommend+Phone": 1.0,
    "Police-Inform+Addr": 1.0,
    "Train-NoOffer+Day": 1.0,
    "Hotel-Recommend+Post": 1.0,
    "Taxi-Inform+Phone": 0.9796954314720813,
    "Taxi-Inform+Car": 0.9653465346534653,
    "Train-OfferBooked+Ticket": 0.9572192513368984,
    "Booking-Book+Ref": 0.9473684210526315,
    "Attraction-Inform+Phone": 0.9432989690721649,
    "Attraction-Inform+Post": 0.9318181818181818,
    "Restaurant-Inform+Time": 0.9261538461538461,
    "Train-OfferBooked+Ref": 0.9204152249134948,
    "Train-Inform+Depart": 0.9112781954887218,
    "Attraction-Inform+Addr": 0.9102167182662538,
    "Hotel-Inform+Phone": 0.9080459770114943,
    "Restaurant-Inform+Food": 0.905608755129959,
    "Train-Inform+Id": 0.9018087855297158,
    "Train-Inform+Day": 0.9010654490106544,
    "Train-Inform+Ticket": 0.8926174496644296,
    "Booking-Book+Day": 0.8924731182795699,
    "Train-Inform+Choice": 0.8859315589353612,
    "Restaurant-Inform+Post": 0.8854166666666666,
    "Train-Inform+Arrive": 0.8843537414965986,
    "Train-OfferBooked+Id": 0.8805970149253731,
    "Train-Inform+Dest": 0.8758002560819462,
    "Restaurant-Inform+Phone": 0.8737864077669902,
    "Train-OfferBooked+Leave": 0.8709677419354839,
    "Booking-Book+Time": 0.8695652173913043,
    "Hotel-Inform+Post": 0.8648648648648649,
    "Train-Inform+Time": 0.8617886178861789,
    "Train-Inform+Leave": 0.8577648766328012,
    "Hotel-Select+Stars": 0.8571428571428571,
    "Taxi-Inform+Leave": 0.8521739130434782,
    "Restaurant-NoOffer+Food": 0.8378378378378378,
    "Booking-Book+People": 0.8372093023255814,
    "Hotel-Inform+Choice": 0.8368983957219251,
    "Restaurant-Inform+Choice": 0.8324175824175825,
    "Restaurant-Inform+Day": 0.83,
    "Restaurant-Inform+Area": 0.8255613126079447,
    "Restaurant-Inform+Addr": 0.82,
    "Hotel-Select+Price": 0.8125,
    "Hotel-NoOffer+Price": 0.8095238095238095,
    "Hotel-Inform+Day": 0.8085106382978723,
    "Taxi-Inform+Arrive": 0.8082191780821918,
    "Restaurant-Inform+Price": 0.803886925795053,
    "Booking-NoBook+Stay": 0.8,
    "Hotel-Inform+Stay": 0.7967213114754098,
    "Hotel-NoOffer+Type": 0.7954545454545454,
    "Booking-Book+Stay": 0.7906976744186046,
    "Booking-NoBook+Day": 0.7894736842105263,
    "Restaurant-Inform+People": 0.7820069204152249,
    "Booking-NoBook+People": 0.7777777777777778,
    "Hotel-Inform+Addr": 0.775,
    "Train-OfferBooked+People": 0.7704918032786885,
    "Hotel-Inform+Area": 0.766497461928934,
    "Hotel-Inform+Stars": 0.7662337662337663,
    "Train-OfferBooked+Depart": 0.7647058823529411,
    "Hotel-Inform+Price": 0.7554240631163708,
    "Attraction-Inform+Choice": 0.7508771929824561,
    "Train-OfferBooked+Arrive": 0.75,
    "Booking-NoBook+Time": 0.75,
    "Train-OfferBook+Id": 0.75,
    "Restaurant-Inform+Name": 0.7406779661016949,
    "Restaurant-NoOffer+Price": 0.7368421052631579,
    "Attraction-Inform+Area": 0.734375,
    "Hotel-Inform+People": 0.7333333333333333,
    "Train-Inform+People": 0.7311827956989247,
    "Attraction-Inform+Name": 0.7277777777777777,
    "Taxi-Inform+Dest": 0.7241379310344828,
    "Booking-Inform+People": 0.7142857142857143,
    "Hotel-Select+Area": 0.7142857142857143,
    "Attraction-NoOffer+Type": 0.7045454545454546,
    "Hotel-Inform+Type": 0.7012089810017271,
    "Taxi-Inform+Depart": 0.6984126984126984,
    "Hotel-NoOffer+Area": 0.6875,
    "Booking-Inform+Time": 0.6666666666666666,
    "Train-NoOffer+Depart": 0.6666666666666666,
    "Train-OfferBooked+Dest": 0.6666666666666666,
    "Restaurant-Recommend+Post": 0.6666666666666666,
    "Police-Inform+Name": 0.6666666666666666,
    "Restaurant-Recommend+Phone": 0.6666666666666666,
    "Train-OfferBook+People": 0.6666666666666666,
    "Attraction-Inform+Fee": 0.6622222222222223,
    "Attraction-Inform+Type": 0.6580152671755726,
    "Restaurant-Select+Price": 0.6551724137931034,
    "Hotel-Recommend+Price": 0.6521739130434783,
    "Attraction-Recommend+Addr": 0.6363636363636364,
    "Hotel-Inform+Name": 0.6360225140712945,
    "Attraction-NoOffer+Area": 0.6341463414634146,
    "Train-OfferBooked+Day": 0.625,
    "Hotel-Recommend+Addr": 0.6,
    "Hotel-NoOffer+Stars": 0.6,
    "Hotel-Recommend+Type": 0.6,
    "Restaurant-NoOffer+Area": 0.5952380952380952,
    "Restaurant-Select+Food": 0.59375,
    "Attraction-Select+Type": 0.5909090909090909,
    "Restaurant-Recommend+Addr": 0.5833333333333334,
    "Booking-Inform+Day": 0.5714285714285714,
    "Attraction-Recommend+Name": 0.5705882352941176,
    "Restaurant-Recommend+Name": 0.5639097744360902,
    "Restaurant-Recommend+Price": 0.5555555555555556,
    "Restaurant-Recommend+Area": 0.5555555555555556,
    "Attraction-Recommend+Fee": 0.54,
    "Restaurant-Select+Name": 0.5384615384615384,
    "Hotel-Recommend+Area": 0.53125,
    "Restaurant-Recommend+Food": 0.5,
    "Hotel-Recommend+Stars": 0.5,
    "Booking-Book+Name": 0.5,
    "Restaurant-Select+Area": 0.5,
    "Attraction-Recommend+Area": 0.5,
    "Attraction-Select+Area": 0.5,
    "Hotel-Recommend+Name": 0.45,
    "Attraction-Recommend+Post": 0.43478260869565216,
    "Hotel-Select+Type": 0.43478260869565216,
    "Attraction-Recommend+Type": 0.42105263157894735,
    "Train-OfferBook+Leave": 0.4166666666666667,
    "Booking-Inform+Stay": 0.4,
    "Attraction-Recommend+Phone": 0.4,
    "Booking-Inform+Name": 0.35714285714285715,
    "Police-Inform+Phone": 0.3333333333333333,
    "Train-Select+Leave": 0.25,
    "Restaurant-NoOffer+Name": 0.0,
    "Train-NoOffer+Leave": 0.0,
    "Attraction-NoOffer+Name": 0.0,
    "Restaurant-Inform+Ref": 0.0,
    "Train-Inform+Ref": 0.0,
    "Train-OfferBook+Choice": 0.0,
    "Hotel-Recommend+Choice": 0.0,
    "Train-OfferBook+Day": 0.0,
    "Train-OfferBook+Dest": 0.0,
    "Attraction-Select+Fee": 0.0,
    "Booking-NoBook+Name": 0.0,
    "Hotel-Select+Name": 0.0,
    "Train-NoOffer+Arrive": 0.0,
    "Hotel-Select+Choice": 0.0,
    "Train-OfferBooked+Time": 0.0,
    "Hotel-NoOffer+Name": 0.0,
    "Attraction-Select+Name": 0.0,
    "Booking-Inform+Ref": 0.0,
    "Train-OfferBook+Depart": 0.0,
    "Attraction-Recommend+Choice": 0.0,
    "Hotel-Inform+Ref": 0.0,
    "Attraction-Inform+Price": 0.0,
    "Train-Select+Arrive": 0.0,
    "Restaurant-Select+Choice": 0.0,
    "Booking-NoBook+Ref": 0.0,
    "Hospital-Inform+Post": 0.0,
    "Attraction-Select+Price": 0.0,
    "Train-Select+Day": 0.0,
    "Train-OfferBook+Ref": 0.0,
    "Attraction-Select+Choice": 0.0,
    "Train-NoOffer+Dest": 0.0,
    "Train-Select+Id": 0.0
}{
    "Train-OfferBooked+People": 1.0,
    "Police-Inform+Addr": 1.0,
    "Police-Inform+Phone": 1.0,
    "Train-NoOffer+Day": 1.0,
    "Train-OfferBooked+Ticket": 0.988950276243094,
    "Booking-Book+Day": 0.9880952380952381,
    "Train-Inform+Id": 0.9748603351955307,
    "Booking-Book+Ref": 0.9700598802395209,
    "Train-OfferBooked+Ref": 0.9672727272727273,
    "Taxi-Inform+Car": 0.9653465346534653,
    "Taxi-Inform+Phone": 0.9601990049751243,
    "Train-Inform+Day": 0.9594813614262561,
    "Train-Inform+Dest": 0.9593267882187938,
    "Restaurant-Select+Food": 0.95,
    "Booking-Book+People": 0.9473684210526315,
    "Hotel-Inform+Day": 0.946058091286307,
    "Booking-Book+Time": 0.9375,
    "Restaurant-Inform+Phone": 0.9375,
    "Booking-NoBook+Day": 0.9375,
    "Train-Inform+Arrive": 0.9325681492109039,
    "Train-OfferBooked+Depart": 0.9285714285714286,
    "Train-Inform+Depart": 0.926605504587156,
    "Restaurant-Inform+Day": 0.9222222222222223,
    "Train-OfferBooked+Id": 0.921875,
    "Hotel-NoOffer+Type": 0.9210526315789473,
    "Restaurant-Inform+Food": 0.9156293222683264,
    "Restaurant-Inform+Post": 0.9139784946236559,
    "Restaurant-NoOffer+Food": 0.9117647058823529,
    "Restaurant-Inform+Time": 0.9093655589123867,
    "Train-Inform+Time": 0.8983050847457628,
    "Attraction-Inform+Post": 0.8961748633879781,
    "Hotel-NoOffer+Price": 0.8947368421052632,
    "Train-Inform+Ticket": 0.8926174496644296,