{
    "Train-Inform+Ref": 1.0,
    "Police-Inform+Addr": 1.0,
    "Police-Inform+Phone": 1.0,
    "Train-OfferBook+Day": 1.0,
    "Train-NoOffer+Day": 1.0,
    "Hotel-Recommend+Post": 1.0,
    "Taxi-Inform+Phone": 0.9800995024875622,
    "Train-OfferBooked+Ticket": 0.9723756906077348,
    "Taxi-Inform+Car": 0.9655172413793104,
    "Booking-Book+Ref": 0.9590643274853801,
    "Attraction-Inform+Post": 0.9431818181818182,
    "Restaurant-Inform+Time": 0.9375,
    "Train-OfferBooked+Leave": 0.9310344827586207,
    "Attraction-Inform+Phone": 0.93,
    "Hotel-Inform+Phone": 0.9294117647058824,
    "Train-OfferBooked+Ref": 0.928082191780822,
    "Train-Inform+Depart": 0.9264931087289433,
    "Booking-Book+Day": 0.9230769230769231,
    "Restaurant-Inform+Phone": 0.9175257731958762,
    "Restaurant-Inform+Food": 0.9077134986225895,
    "Train-OfferBooked+Id": 0.90625,
    "Train-Inform+Day": 0.9058641975308642,
    "Attraction-Inform+Addr": 0.9022082018927445,
    "Hotel-Inform+Post": 0.8970588235294118,
    "Train-Inform+Dest": 0.895778364116095,
    "Restaurant-Inform+Post": 0.8947368421052632,
    "Train-Inform+Id": 0.8928571428571429,
    "Train-Inform+Arrive": 0.8913342503438789,
    "Train-Inform+Choice": 0.8867924528301887,
    "Train-Inform+Ticket": 0.8866666666666667,
    "Booking-Book+Time": 0.8823529411764706,
    "Train-Inform+Time": 0.8688524590163934,
    "Train-Inform+Leave": 0.8617176128093159,
    "Booking-Inform+People": 0.8571428571428571,
    "Hotel-NoOffer+Price": 0.8571428571428571,
    "Train-OfferBook+Id": 0.8571428571428571,
    "Booking-Book+People": 0.8488372093023255,
    "Restaurant-Inform+Day": 0.8394648829431438,
    "Taxi-Inform+Leave": 0.8373983739837398,
    "Train-OfferBooked+Arrive": 0.8333333333333334,
    "Hotel-NoOffer+Type": 0.8333333333333334,
    "Restaurant-Inform+Choice": 0.8324175824175825,
    "Restaurant-NoOffer+Food": 0.8260869565217391,
    "Restaurant-Inform+Area": 0.8236301369863014,
    "Hotel-Inform+Day": 0.8181818181818182,
    "Train-OfferBooked+Depart": 0.8125,
    "Hotel-Inform+Choice": 0.8067885117493473,
    "Restaurant-Inform+Price": 0.8063380281690141,
    "Restaurant-Inform+Addr": 0.803921568627451,
    "Booking-NoBook+Stay": 0.8,
    "Restaurant-Select+Area": 0.8,
    "Booking-Book+Stay": 0.7954545454545454,
    "Taxi-Inform+Depart": 0.7931034482758621,
    "Restaurant-Inform+People": 0.7923875432525952,
    "Booking-NoBook+Day": 0.7894736842105263,
    "Hotel-Inform+Stay": 0.7802547770700637,
    "Restaurant-NoOffer+Price": 0.7777777777777778,
    "Taxi-Inform+Arrive": 0.7763157894736842,
    "Train-OfferBooked+People": 0.7758620689655172,
    "Hotel-Inform+Stars": 0.772020725388601,
    "Taxi-Inform+Dest": 0.7699115044247787,
    "Hotel-Inform+Area": 0.7669172932330827,
    "Hotel-Inform+Price": 0.76,
    "Hotel-Inform+Addr": 0.7578125,
    "Restaurant-Inform+Name": 0.7565674255691769,
    "Booking-Inform+Time": 0.75,
    "Train-NoOffer+Depart": 0.75,
    "Attraction-Inform+Name": 0.7495291902071564,
    "Attraction-Inform+Choice": 0.7491166077738516,
    "Attraction-Inform+Area": 0.7429577464788732,
    "Train-Inform+People": 0.7408759124087592,
    "Hotel-Inform+People": 0.7312252964426877,
    "Train-OfferBooked+Dest": 0.7272727272727273,
    "Restaurant-Select+Name": 0.7142857142857143,
    "Booking-NoBook+Time": 0.7,
    "Hotel-Inform+Type": 0.6972477064220184,
    "Attraction-NoOffer+Type": 0.6888888888888889,
    "Hotel-NoOffer+Area": 0.6875,
    "Hotel-Recommend+Price": 0.6818181818181818,
    "Attraction-Inform+Fee": 0.6796536796536796,
    "Hotel-Select+Area": 0.6666666666666666,
    "Hotel-Select+Price": 0.6666666666666666,
    "Train-OfferBook+People": 0.6666666666666666,
    "Attraction-Inform+Type": 0.6579754601226994,
    "Hotel-Inform+Name": 0.651685393258427,
    "Restaurant-Select+Food": 0.6428571428571429,
    "Hotel-Recommend+Stars": 0.631578947368421,
    "Attraction-NoOffer+Area": 0.625,
    "Attraction-Select+Type": 0.625,
    "Attraction-Recommend+Fee": 0.6097560975609756,
    "Attraction-Recommend+Addr": 0.6,
    "Booking-NoBook+People": 0.6,
    "Hotel-Recommend+Addr": 0.6,
    "Hotel-Select+Stars": 0.6,
    "Restaurant-Select+Price": 0.6,
    "Train-OfferBooked+Day": 0.6,
    "Restaurant-NoOffer+Area": 0.5952380952380952,
    "Restaurant-Recommend+Name": 0.5743243243243243,
    "Restaurant-Recommend+Addr": 0.5714285714285714,
    "Attraction-Recommend+Name": 0.5636363636363636,
    "Hotel-NoOffer+Stars": 0.5625,
    "Hotel-Recommend+Name": 0.56,
    "Restaurant-Recommend+Price": 0.5384615384615384,
    "Restaurant-Recommend+Area": 0.5238095238095238,
    "Restaurant-Recommend+Food": 0.5,
    "Hotel-Recommend+Area": 0.5,
    "Attraction-Recommend+Area": 0.5,
    "Hotel-Recommend+Phone": 0.5,
    "Hotel-Recommend+Type": 0.5,
    "Attraction-Select+Area": 0.5,
    "Booking-Book+Name": 0.4962962962962963,
    "Booking-Inform+Day": 0.47058823529411764,
    "Attraction-Recommend+Type": 0.47058823529411764,
    "Train-OfferBook+Leave": 0.42857142857142855,
    "Train-OfferBook+Arrive": 0.42857142857142855,
    "Attraction-Recommend+Phone": 0.42857142857142855,
    "Attraction-Recommend+Post": 0.4166666666666667,
    "Restaurant-Recommend+Phone": 0.4,
    "Booking-Inform+Name": 0.39285714285714285,
    "Hotel-Select+Type": 0.3684210526315789,
    "Restaurant-Recommend+Post": 0.3333333333333333,
    "Police-Inform+Name": 0.3333333333333333,
    "Train-Select+Leave": 0.14285714285714285,
    "Restaurant-NoOffer+Name": 0.0,
    "Booking-NoBook+Name": 0.0,
    "Train-NoOffer+Leave": 0.0,
    "Attraction-NoOffer+Name": 0.0,
    "Restaurant-Inform+Ref": 0.0,
    "Booking-Inform+Stay": 0.0,
    "Train-OfferBook+Choice": 0.0,
    "Hotel-Recommend+Choice": 0.0,
    "Train-OfferBook+Dest": 0.0,
    "Hotel-Select+Name": 0.0,
    "Train-NoOffer+Arrive": 0.0,
    "Hotel-Select+Choice": 0.0,
    "Train-OfferBooked+Time": 0.0,
    "Hotel-NoOffer+Name": 0.0,
    "Attraction-Select+Name": 0.0,
    "Booking-Inform+Ref": 0.0,
    "Train-OfferBook+Depart": 0.0,
    "Attraction-Recommend+Choice": 0.0,
    "Attraction-Select+Fee": 0.0,
    "Hotel-Inform+Ref": 0.0,
    "Attraction-Inform+Price": 0.0,
    "Train-Select+Arrive": 0.0,
    "Restaurant-Select+Choice": 0.0,
    "Booking-NoBook+Ref": 0.0,
    "Attraction-Select+Price": 0.0,
    "Train-Select+Day": 0.0,
    "Train-OfferBook+Ref": 0.0,
    "Attraction-Select+Choice": 0.0,
    "Train-NoOffer+Dest": 0.0,
    "Train-Select+Id": 0.0
}{
    "Booking-Book+Day": 1.0,
    "Booking-Inform+Time": 1.0,
    "Train-NoOffer+Depart": 1.0,
    "Police-Inform+Addr": 1.0,
    "Police-Inform+Phone": 1.0,
    "Train-NoOffer+Day": 1.0,
    "Train-OfferBooked+Ref": 0.9854545454545455,
    "Booking-Book+Ref": 0.9820359281437125,
    "Taxi-Inform+Phone": 0.9800995024875622,
    "Train-Inform+Id": 0.9776536312849162,
    "Train-OfferBooked+Ticket": 0.9723756906077348,
    "Taxi-Inform+Car": 0.9702970297029703,
    "Booking-Book+People": 0.9605263157894737,
    "Train-OfferBooked+People": 0.9574468085106383,
    "Train-Inform+Dest": 0.956338028169014,
    "Train-Inform+Day": 0.9513776337115073,
    "Hotel-NoOffer+Price": 0.9473684210526315,
    "Booking-Book+Time": 0.9375,
    "Hotel-Inform+Day": 0.9375,
    "Booking-NoBook+Day": 0.9375,
    "Train-Inform+Arrive": 0.9296987087517934,
    "Restaurant-Inform+Day": 0.9296296296296296,
    "Train-OfferBooked+Depart": 0.9285714285714286,
    "Restaurant-Inform+Phone": 0.9270833333333334,
    "Train-Inform+Depart": 0.9250764525993884,
    "Hotel-NoOffer+Type": 0.9210526315789473,
    "Restaurant-Inform+Food": 0.9165507649513213,
    "Restaurant-Inform+Post": 0.9139784946236559,
    "Attraction-Inform+Post": 0.907103825136612,
    "Restaurant-Inform+Time": 0.9063444108761329,
    "Train-OfferBooked+Id": 0.90625,
    "Attraction-Inform+Phone": 0.9029126213592233,
    "Restaurant-Select+Food": 0.9,
    "Train-Inform+Time": 0.8983050847457628,
    "Booking-Book+Stay": 0.8974358974358975,