{
    "general-thank": 0.9800947867298578,
    "Booking-Request": 0.9685534591194969,
    "Booking-Inform": 0.9389763779527559,
    "Train-Request": 0.9385964912280702,
    "Taxi-Request": 0.9273504273504274,
    "Train-Inform": 0.9054054054054054,
    "Attraction-Request": 0.9024390243902439,
    "Booking-NoBook": 0.8952380952380953,
    "Restaurant-Request": 0.889090909090909,
    "Train-OfferBook": 0.8885714285714286,
    "Taxi-Inform": 0.8796296296296297,
    "Hotel-Request": 0.8759541984732825,
    "general-reqmore": 0.875,
    "general-bye": 0.8677390527256479,
    "Hotel-Inform": 0.804635761589404,
    "Restaurant-Inform": 0.7938144329896907,
    "Attraction-Inform": 0.75,
    "general-welcome": 0.7018181818181818,
    "Hotel-Select": 0.6610169491525424,
    "Hotel-NoOffer": 0.6551724137931034,
    "Hotel-Recommend": 0.5789473684210527,
    "Restaurant-Select": 0.578125,
    "Restaurant-NoOffer": 0.5344827586206896,
    "Attraction-Select": 0.42,
    "Train-Select": 0.2962962962962963,
    "general-greet": 0.29411764705882354
}{
    "general-thank": 0.9745523091423186,
    "general-bye": 0.9652087475149106,
    "Taxi-Request": 0.9601769911504425,
    "Booking-Request": 0.9565217391304348,
    "Taxi-Inform": 0.95,
    "Restaurant-NoOffer": 0.9393939393939394,
    "Train-Request": 0.9313346228239845,
    "general-reqmore": 0.9202797202797203,
    "Booking-Inform": 0.9190751445086706,
    "Booking-NoBook": 0.912621359223301,
    "Attraction-Request": 0.9113300492610837,
    "Hotel-Inform": 0.9067164179104478,
    "Train-OfferBook": 0.9014492753623189,
    "Restaurant-Request": 0.8939670932358318,
    "Hotel-NoOffer": 0.8636363636363636,
    "Hotel-Request": 0.8375912408759124,
    "Hotel-Select": 0.8125,
    "Train-Inform": 0.788235294117647,
    "Restaurant-Select": 0.7708333333333334,
    "general-welcome": 0.7704590818363274,
    "Attraction-Inform": 0.75,
    "Attraction-Select": 0.75,
    "Restaurant-Inform": 0.7475728155339806,
    "Train-Select": 0.5925925925925926,
    "Hotel-Recommend": 0.39285714285714285,
    "general-greet": 0.08298755186721991
}{
    "general-thank": 0.9773156899810964,
    "Booking-Request": 0.9625,
    "Taxi-Request": 0.9434782608695652,
    "Train-Request": 0.9349514563106796,
    "Booking-Inform": 0.9289191820837391,
    "general-bye": 0.9138823529411764,
    "Taxi-Inform": 0.9134615384615385,
    "Attraction-Request": 0.9068627450980392,
    "Booking-NoBook": 0.903846153846154,
    "general-reqmore": 0.8970688479890935,
    "Train-OfferBook": 0.8949640287769784,
    "Restaurant-Request": 0.8915223336371924,
    "Hotel-Request": 0.8563432835820896,
    "Hotel-Inform": 0.8526315789473685,
    "Train-Inform": 0.8427672955974842,
    "Restaurant-Inform": 0.77,
    "Attraction-Inform": 0.75,
    "Hotel-NoOffer": 0.7450980392156864,
    "general-welcome": 0.7345385347288296,
    "Hotel-Select": 0.7289719626168225,
    "Restaurant-NoOffer": 0.6813186813186812,
    "Restaurant-Select": 0.6607142857142857,
    "Attraction-Select": 0.5384615384615385,
    "Hotel-Recommend": 0.46808510638297873,
    "Train-Select": 0.3950617283950617,
    "general-greet": 0.12944983818770228
}