{
    "general-thank": 0.9745762711864406,
    "Booking-Request": 0.9657320872274143,
    "Booking-Inform": 0.93713163064833,
    "Train-Request": 0.9280855199222546,
    "Taxi-Request": 0.9227467811158798,
    "Booking-NoBook": 0.9191919191919192,
    "Attraction-Request": 0.9003215434083601,
    "Train-OfferBook": 0.8997050147492626,
    "Taxi-Inform": 0.8962264150943396,
    "general-reqmore": 0.8846931894807822,
    "Restaurant-Request": 0.8790613718411552,
    "general-bye": 0.8769230769230769,
    "Hotel-Request": 0.8574108818011257,
    "Train-Inform": 0.8518518518518519,
    "Restaurant-Inform": 0.8041237113402062,
    "Hotel-Inform": 0.8013029315960912,
    "Attraction-Inform": 0.7777777777777778,
    "general-welcome": 0.7099811676082862,
    "Restaurant-Select": 0.603448275862069,
    "Hotel-Select": 0.59375,
    "Hotel-NoOffer": 0.59375,
    "Hotel-Recommend": 0.5882352941176471,
    "Restaurant-NoOffer": 0.5263157894736842,
    "Attraction-Select": 0.46808510638297873,
    "Train-Select": 0.32608695652173914,
    "general-greet": 0.2898550724637681
}{
    "general-thank": 0.9754948162111216,
    "general-bye": 0.963220675944334,
    "Booking-Request": 0.9627329192546584,
    "Taxi-Inform": 0.95,
    "Taxi-Request": 0.947136563876652,
    "Train-Request": 0.9218146718146718,
    "Attraction-Request": 0.9195402298850575,
    "Booking-Inform": 0.9190751445086706,
    "general-reqmore": 0.9174825174825175,
    "Hotel-Inform": 0.9162011173184358,
    "Restaurant-NoOffer": 0.9090909090909091,
    "Restaurant-Request": 0.8886861313868614,
    "Train-OfferBook": 0.8840579710144928,
    "Booking-NoBook": 0.883495145631068,
    "Hotel-NoOffer": 0.8636363636363636,
    "Hotel-Request": 0.833941605839416,
    "Train-Inform": 0.8117647058823529,
    "Hotel-Select": 0.7916666666666666,
    "Attraction-Select": 0.7857142857142857,
    "Restaurant-Inform": 0.7572815533980582,
    "general-welcome": 0.7524950099800399,
    "Attraction-Inform": 0.75,
    "Restaurant-Select": 0.7291666666666666,
    "Train-Select": 0.5555555555555556,
    "Hotel-Recommend": 0.3448275862068966,
    "general-greet": 0.08298755186721991
}{
    "general-thank": 0.9750353273669335,
    "Booking-Request": 0.9642301710730949,
    "Taxi-Request": 0.9347826086956522,
    "Booking-Inform": 0.9280155642023347,
    "Train-Request": 0.9249394673123487,
    "Taxi-Inform": 0.9223300970873787,
    "general-bye": 0.9180483183325439,
    "Attraction-Request": 0.9098294069861901,
    "Booking-NoBook": 0.9009900990099011,
    "general-reqmore": 0.9007895640233436,
    "Train-OfferBook": 0.8918128654970761,
    "Restaurant-Request": 0.883847549909256,
    "Hotel-Inform": 0.8549087749782798,
    "Hotel-Request": 0.8455134135060128,
    "Train-Inform": 0.8313253012048193,
    "Restaurant-Inform": 0.78,
    "Attraction-Inform": 0.7636363636363638,
    "general-welcome": 0.7306201550387597,
    "Hotel-NoOffer": 0.7037037037037037,
    "Hotel-Select": 0.6785714285714286,
    "Restaurant-NoOffer": 0.6666666666666666,
    "Restaurant-Select": 0.6603773584905661,
    "Attraction-Select": 0.5866666666666668,
    "Hotel-Recommend": 0.4347826086956522,
    "Train-Select": 0.410958904109589,
    "general-greet": 0.12903225806451613
}