{
    "Restaurant-Select+Area": 1.0,
    "Hotel-Recommend+Phone": 1.0,
    "Hotel-Recommend+Type": 1.0,
    "Police-Inform+Addr": 1.0,
    "Train-NoOffer+Day": 1.0,
    "Hotel-Recommend+Post": 1.0,
    "Taxi-Inform+Phone": 0.9800995024875622,
    "Taxi-Inform+Car": 0.9656862745098039,
    "Booking-Book+Ref": 0.9574468085106383,
    "Attraction-Inform+Post": 0.9540229885057471,
    "Train-OfferBooked+Ticket": 0.9468085106382979,
    "Attraction-Inform+Phone": 0.935,
    "Hotel-Inform+Phone": 0.9285714285714286,
    "Train-OfferBooked+Ref": 0.9273356401384083,
    "Train-Inform+Depart": 0.9237804878048781,
    "Restaurant-Inform+Time": 0.9197530864197531,
    "Booking-Book+Day": 0.9130434782608695,
    "Booking-Book+Time": 0.9090909090909091,
    "Restaurant-Inform+Post": 0.9081632653061225,
    "Restaurant-Inform+Phone": 0.9081632653061225,
    "Restaurant-Inform+Food": 0.9074585635359116,
    "Train-Inform+Day": 0.9015384615384615,
    "Train-Inform+Id": 0.8987012987012987,
    "Train-Inform+Choice": 0.8969465648854962,
    "Train-Inform+Ticket": 0.896551724137931,
    "Attraction-Inform+Addr": 0.8957055214723927,
    "Train-Inform+Arrive": 0.8924137931034483,
    "Train-Inform+Dest": 0.8907894736842106,
    "Train-OfferBooked+Id": 0.8676470588235294,
    "Hotel-Inform+Post": 0.8648648648648649,
    "Train-Inform+Leave": 0.8609077598828697,
    "Taxi-Inform+Leave": 0.8524590163934426,
    "Train-Inform+Time": 0.8524590163934426,
    "Restaurant-NoOffer+Food": 0.8472222222222222,
    "Restaurant-Inform+Choice": 0.845108695652174,
    "Restaurant-Inform+Day": 0.835016835016835,
    "Restaurant-Recommend+Post": 0.8333333333333334,
    "Train-OfferBooked+Leave": 0.8285714285714286,
    "Booking-Book+People": 0.8275862068965517,
    "Restaurant-Inform+Area": 0.8244406196213425,
    "Hotel-NoOffer+Price": 0.8181818181818182,
    "Restaurant-Select+Name": 0.8181818181818182,
    "Hotel-Inform+Day": 0.8145454545454546,
    "Hotel-Select+Price": 0.8125,
    "Hotel-NoOffer+Type": 0.8095238095238095,
    "Hotel-Inform+Choice": 0.8051948051948052,
    "Restaurant-Inform+Addr": 0.8,
    "Booking-NoBook+Stay": 0.8,
    "Restaurant-Inform+Price": 0.7982608695652174,
    "Booking-Book+Stay": 0.7906976744186046,
    "Booking-NoBook+Day": 0.7894736842105263,
    "Hotel-Inform+Stay": 0.7827476038338658,
    "Restaurant-Inform+People": 0.7777777777777778,
    "Restaurant-NoOffer+Price": 0.7777777777777778,
    "Taxi-Inform+Depart": 0.7727272727272727,
    "Taxi-Inform+Arrive": 0.7671232876712328,
    "Train-OfferBooked+People": 0.7666666666666667,
    "Hotel-Inform+Stars": 0.764102564102564,
    "Attraction-NoOffer+Type": 0.7608695652173914,
    "Hotel-Inform+Addr": 0.76,
    "Hotel-Inform+Price": 0.7564870259481038,
    "Attraction-Inform+Choice": 0.7526881720430108,
    "Hotel-Inform+Area": 0.7518610421836228,
    "Train-OfferBooked+Arrive": 0.75,
    "Booking-NoBook+Time": 0.75,
    "Hotel-Select+Area": 0.75,
    "Train-OfferBook+Id": 0.75,
    "Hotel-Select+Stars": 0.75,
    "Attraction-Inform+Area": 0.7452006980802792,
    "Hotel-NoOffer+Area": 0.7333333333333333,
    "Taxi-Inform+Dest": 0.7314814814814815,
    "Hotel-Inform+People": 0.73046875,
    "Attraction-Inform+Name": 0.7276051188299817,
    "Train-Inform+People": 0.7266187050359713,
    "Restaurant-Inform+Name": 0.726027397260274,
    "Train-OfferBooked+Depart": 0.7222222222222222,
    "Hotel-Inform+Type": 0.708029197080292,
    "Restaurant-Select+Price": 0.7037037037037037,
    "Attraction-Inform+Fee": 0.6798245614035088,
    "Train-OfferBook+Arrive": 0.6666666666666666,
    "Train-NoOffer+Depart": 0.6666666666666666,
    "Hotel-Recommend+Price": 0.6666666666666666,
    "Booking-NoBook+People": 0.6666666666666666,
    "Train-OfferBooked+Dest": 0.6666666666666666,
    "Police-Inform+Phone": 0.6666666666666666,
    "Restaurant-Recommend+Price": 0.6666666666666666,
    "Train-OfferBooked+Day": 0.6666666666666666,
    "Attraction-Inform+Type": 0.6610169491525424,
    "Hotel-Inform+Name": 0.6529080675422139,
    "Restaurant-NoOffer+Area": 0.625,
    "Attraction-Recommend+Addr": 0.6226415094339622,
    "Attraction-NoOffer+Area": 0.6097560975609756,
    "Attraction-Select+Type": 0.6097560975609756,
    "Hotel-Recommend+Stars": 0.6,
    "Attraction-Recommend+Fee": 0.6,
    "Booking-Inform+Time": 0.6,
    "Hotel-NoOffer+Stars": 0.6,
    "Attraction-Recommend+Name": 0.5950920245398773,
    "Booking-Inform+People": 0.5555555555555556,
    "Restaurant-Recommend+Area": 0.55,
    "Restaurant-Select+Food": 0.5454545454545454,
    "Restaurant-Recommend+Name": 0.5407407407407407,
    "Booking-Inform+Day": 0.5384615384615384,
    "Hotel-Recommend+Name": 0.5238095238095238,
    "Restaurant-Recommend+Addr": 0.5185185185185185,
    "Booking-Book+Name": 0.5036496350364964,
    "Restaurant-Recommend+Food": 0.5,
    "Hotel-Recommend+Area": 0.5,
    "Hotel-Recommend+Addr": 0.5,
    "Attraction-Select+Area": 0.5,
    "Police-Inform+Name": 0.5,
    "Restaurant-Recommend+Phone": 0.5,
    "Attraction-Recommend+Post": 0.43478260869565216,
    "Train-Select+Leave": 0.42857142857142855,
    "Booking-Inform+Name": 0.4230769230769231,
    "Hotel-Select+Type": 0.42105263157894735,
    "Attraction-Recommend+Phone": 0.42105263157894735,
    "Attraction-Recommend+Area": 0.4166666666666667,
    "Train-OfferBook+Leave": 0.4,
    "Attraction-Recommend+Type": 0.4,
    "Train-OfferBook+People": 0.3333333333333333,
    "Restaurant-NoOffer+Name": 0.0,
    "Booking-NoBook+Name": 0.0,
    "Train-NoOffer+Leave": 0.0,
    "Attraction-NoOffer+Name": 0.0,
    "Restaurant-Inform+Ref": 0.0,
    "Train-Inform+Ref": 0.0,
    "Booking-Inform+Stay": 0.0,
    "Train-OfferBook+Choice": 0.0,
    "Hotel-Recommend+Choice": 0.0,
    "Train-OfferBook+Day": 0.0,
    "Train-OfferBook+Dest": 0.0,
    "Attraction-Select+Fee": 0.0,
    "Hotel-Select+Name": 0.0,
    "Train-NoOffer+Arrive": 0.0,
    "Hotel-Select+Choice": 0.0,
    "Train-OfferBooked+Time": 0.0,
    "Hotel-NoOffer+Name": 0.0,
    "Attraction-Select+Name": 0.0,
    "Booking-Inform+Ref": 0.0,
    "Train-OfferBook+Depart": 0.0,
    "Attraction-Recommend+Choice": 0.0,
    "Hotel-Inform+Ref": 0.0,
    "Attraction-Inform+Price": 0.0,
    "Train-Select+Arrive": 0.0,
    "Restaurant-Select+Choice": 0.0,
    "Booking-NoBook+Ref": 0.0,
    "Attraction-Select+Price": 0.0,
    "Train-Select+Day": 0.0,
    "Train-OfferBook+Ref": 0.0,
    "Attraction-Select+Choice": 0.0,
    "Train-NoOffer+Dest": 0.0,
    "Train-Select+Id": 0.0
}{
    "Booking-Book+Day": 1.0,
    "Booking-Inform+Time": 1.0,
    "Police-Inform+Addr": 1.0,
    "Police-Inform+Phone": 1.0,
    "Train-NoOffer+Day": 1.0,
    "Booking-Book+Ref": 0.9880239520958084,
    "Train-OfferBooked+Ticket": 0.9834254143646409,
    "Taxi-Inform+Phone": 0.9800995024875622,
    "Train-OfferBooked+People": 0.9787234042553191,
    "Taxi-Inform+Car": 0.9752475247524752,
    "Train-OfferBooked+Ref": 0.9745454545454545,
    "Train-Inform+Id": 0.9664804469273743,
    "Restaurant-Inform+Post": 0.956989247311828,
    "Train-Inform+Dest": 0.9535211267605633,
    "Train-Inform+Day": 0.9497568881685575,
    "Booking-Book+People": 0.9473684210526315,
    "Hotel-NoOffer+Price": 0.9473684210526315,
    "Booking-Book+Time": 0.9375,
    "Booking-NoBook+Day": 0.9375,
    "Train-OfferBooked+Leave": 0.9354838709677419,
    "Hotel-Inform+Day": 0.9333333333333333,
    "Train-OfferBooked+Depart": 0.9285714285714286,
    "Train-Inform+Arrive": 0.9282639885222381,
    "Restaurant-Inform+Phone": 0.9270833333333334,
    "Train-Inform+Depart": 0.926605504587156,
    "Train-OfferBooked+Id": 0.921875,
    "Attraction-NoOffer+Type": 0.9210526315789473,
    "Restaurant-Inform+Day": 0.9185185185185185,
    "Restaurant-Inform+Food": 0.913769123783032,
    "Attraction-Inform+Phone": 0.9077669902912622,
    "Attraction-Inform+Post": 0.907103825136612,
    "Restaurant-Inform+Choice": 0.9014492753623189,
    "Restaurant-Inform+Time": 0.9003021148036254,
    "Restaurant-Select+Food": 0.9,